model,DV,MSE,Pearson R,F1,AUC,DI_Age_bin,DI_Gender_bin,DI_Race_bin,DI_Education_bin,DI_Income_bin,DI_Age_Gender,DI_Age_Gender_Race,DI_Age_Gender_Race_Education,DI_Age_Gender_Race_Income,DI_Age_Gender_Education,DI_Age_Gender_Education_Income,DI_Age_Gender_Income,DI_Age_Race,DI_Age_Race_Education,DI_Age_Race_Education_Income,DI_Age_Race_Income,DI_Age_Education,DI_Age_Education_Income,DI_Age_Income,DI_Gender_Race,DI_Gender_Race_Education,DI_Gender_Race_Education_Income,DI_Gender_Race_Income,DI_Gender_Education,DI_Gender_Education_Income,DI_Gender_Income,DI_Race_Education,DI_Race_Education_Income,DI_Race_Income,DI_Education_Income,DI_Age_Gender_Race_Education_Income,FV_Age_bin,FV_Gender_bin,FV_Race_bin,FV_Education_bin,FV_Income_bin,FV_Age_Gender,FV_Age_Gender_Race,FV_Age_Gender_Race_Education,FV_Age_Gender_Race_Income,FV_Age_Gender_Education,FV_Age_Gender_Education_Income,FV_Age_Gender_Income,FV_Age_Race,FV_Age_Race_Education,FV_Age_Race_Education_Income,FV_Age_Race_Income,FV_Age_Education,FV_Age_Education_Income,FV_Age_Income,FV_Gender_Race,FV_Gender_Race_Education,FV_Gender_Race_Education_Income,FV_Gender_Race_Income,FV_Gender_Education,FV_Gender_Education_Income,FV_Gender_Income,FV_Race_Education,FV_Race_Education_Income,FV_Race_Income,FV_Education_Income,FV_Age_Gender_Race_Education_Income,adjustedDI,debiasing,wordlists,fullN
Psychometric_Anxiety_Continuous_PTDCDA_BERT_F_F_test.csv,Anxiety,0.040044494177969944,0.5158817626457604,0.6382167123614257,0.7342883989610289,0.7118478932494495,1.1716936749572842,0.8836882847426718,1.0555155321572611,1.1130327461571752,0.8565378891635984,0.7402006499929349,0.9626373626373627,0.8492505995203837,0.9902728257268182,1.0642978877240097,0.9554033372461034,0.5821708545709261,0.7172393836359691,0.7712830463254912,0.6652063295066708,0.798592336718751,0.8541523021213941,0.7946147284137267,1.0353371854856115,1.1330233552455775,1.2404934777258183,1.1849973038285635,1.2498888063655962,1.3643342548281037,1.3234923906999254,0.932648607118282,1.0067558771489926,0.9837714788547162,1.134099443280207,1.0436013208437227,0.11037502854319725,0.023595671566356002,0.03544977635664909,0.012482192180101437,0.01776659197136765,0.07773774599305311,0.12019417030173418,0.05143948285268468,0.11087171728491912,0.04381903790253949,0.034627936190391784,0.07170006059829237,0.1563298531458986,0.10036447090810752,0.09539552680872865,0.1419581791734288,0.07615089656510748,0.06918231301024885,0.09720843471300711,0.02466443810160801,0.01632439218203846,0.005885664286313819,0.01395317494837034,0.02724778377310516,0.04120603070435702,0.03591911867170905,0.026678360226793374,0.01518250385934905,0.02268056404637253,0.026450653807244873,0.044087679726233675,False,Psychometric,Anxiety,False
Psychometric_Anxiety_Continuous_PTDCDA_BERT_T_F_test.csv,Anxiety,0.040044494177969944,0.5158817626457604,0.6382167123614257,0.7342883989610289,0.9729769485622999,1.0522971026967356,0.8967546553317992,0.9644678626015605,0.9606738069239839,1.0499382960570418,0.9885871704053523,1.2469033530571993,0.9603480006692321,1.1352272306381717,1.0536890277932804,0.9797965410478812,0.9036135049289448,1.0398176035721056,0.9966574702886247,0.9133090909090907,0.992491758537515,0.951725019904869,0.9479852419879912,0.9492704862877682,0.952963176064442,0.9261133603238866,0.9069574604565296,1.03369932261652,0.9831193065058383,0.9911965262751118,0.8670789335511346,0.85445319000307,0.8679713667135676,0.9265023482225497,1.152741994847258,0.11037502854319725,0.023595671566356002,0.03544977635664909,0.012482192180101437,0.01776659197136765,0.07773774599305311,0.12019417030173418,0.05143948285268468,0.11087171728491912,0.04381903790253949,0.034627936190391784,0.07170006059829237,0.1563298531458986,0.10036447090810752,0.09539552680872865,0.1419581791734288,0.07615089656510748,0.06918231301024885,0.09720843471300711,0.02466443810160801,0.01632439218203846,0.005885664286313819,0.01395317494837034,0.02724778377310516,0.04120603070435702,0.03591911867170905,0.026678360226793374,0.01518250385934905,0.02268056404637253,0.026450653807244873,0.044087679726233675,True,Psychometric,Anxiety,False
Psychometric_Anxiety_Continuous_PTDDropout_BERT_F_F_test.csv,Anxiety,0.0391382243699743,0.5294517488519317,0.6399904727879004,0.742475717511233,0.6993898030596605,1.1764019731115194,0.8692533446630861,1.032782002419291,1.1115497519991904,0.8396124937513391,0.7042813603210216,0.7746031746031745,0.8523164861612514,0.8804796795717353,0.9986431478968792,0.9803003130794249,0.5488027272267293,0.5903397404071211,0.66000778311065,0.6451127264373852,0.754895467659641,0.8118285427171631,0.7867602170949749,1.0228303861820947,1.1029855049671042,1.223062656024753,1.1569608193402405,1.2253646787559251,1.3690471156367081,1.338329749340059,0.9003989777283719,0.9858412081204504,0.9667445430879114,1.116840252688949,0.8911287630999265,0.11568659903382361,0.024222470271686503,0.04014380416417823,0.007470406389554152,0.01758342649008987,0.08740623527071323,0.1359275250070584,0.1182701082398494,0.11176827673801787,0.08013794067988889,0.06537524191214722,0.07139901526097198,0.1714444220776703,0.15778276949164105,0.14574263571237683,0.14968067719308042,0.09420184552375621,0.08644995022596696,0.09810499416610585,0.027336408118399602,0.020513132705096082,0.013058374367027614,0.02256677620211217,0.023678320878643244,0.03584119600550312,0.035022559218610305,0.03469235740231208,0.024534097901225682,0.029738260940229577,0.019768467070345908,0.10132226734834654,False,Psychometric,Anxiety,False
Psychometric_Anxiety_Continuous_PTDDropout_BERT_T_F_test.csv,Anxiety,0.0391382243699743,0.5294517488519317,0.6399904727879004,0.742475717511233,0.9559488240251283,1.056525621303798,0.8821062776863113,0.9436953034418131,0.9593938143556465,1.0291912619280645,0.9406145714349705,1.0033428300094966,0.9638149609604566,1.0093627557029878,0.9886887306242146,1.005329182449737,0.8518213372763273,0.8558448799223575,0.8528667790893761,0.8857211538461537,0.9381852238752206,0.9045664737516843,0.9386147124131511,0.9378033665675541,0.9276989438039184,0.9131000578369,0.8854992692104363,1.013417059131345,0.9865153250646463,1.002308594955326,0.8370966078977213,0.8367025057757242,0.8529486779833932,0.9124024553904269,0.9843237331388989,0.11568659903382361,0.024222470271686503,0.04014380416417823,0.007470406389554152,0.01758342649008987,0.08740623527071323,0.1359275250070584,0.1182701082398494,0.11176827673801787,0.08013794067988889,0.06537524191214722,0.07139901526097198,0.1714444220776703,0.15778276949164105,0.14574263571237683,0.14968067719308042,0.09420184552375621,0.08644995022596696,0.09810499416610585,0.027336408118399602,0.020513132705096082,0.013058374367027614,0.02256677620211217,0.023678320878643244,0.03584119600550312,0.035022559218610305,0.03469235740231208,0.024534097901225682,0.029738260940229577,0.019768467070345908,0.10132226734834654,True,Psychometric,Anxiety,False
Psychometric_Numeracy_Continuous_PTDCDA_BERT_F_F_test.csv,Numeracy,0.03305071035626614,0.5684155835883293,0.7054801837410533,0.7636596511422401,0.906145545686579,0.8566505115778136,0.6823648390704777,0.7179541641135746,0.8915280065070463,0.7948632643555792,0.5557648139641709,0.35096998432157767,0.4803142063416036,0.5877312354180682,0.5874446352707222,0.751261596887545,0.592754523613967,0.3587514630373538,0.3276913457648314,0.5041595827500376,0.6315752229089021,0.6154136671344556,0.810565385625039,0.6040509145643139,0.4533872888774089,0.4298588794187509,0.5465995857025184,0.6293765866352035,0.6215449974194268,0.7979659615943824,0.5006300089726118,0.4650181647720614,0.6088565639296196,0.6937592356972255,0.31267175572519085,0.039162328030089066,0.026653219160505615,0.11285113022094723,0.08215033146425166,0.021790866659731623,0.049917356887699216,0.14663825882098902,0.26403048401689944,0.18848294895004686,0.1327000712493609,0.14180508035437,0.07104816556075799,0.15075956392814294,0.265233685091386,0.28717717309488383,0.18989830556936643,0.1312110165688169,0.13544413956719975,0.05748197226526558,0.13189475547398527,0.20167878292470182,0.21629654013994748,0.15910060828819583,0.11130871454364699,0.12531089811433144,0.05247390927932977,0.17753263332330232,0.2016646496479016,0.1405527573133578,0.0907047267722646,0.2898109840854646,False,Psychometric,Numeracy,False
Psychometric_Numeracy_Continuous_PTDCDA_BERT_T_F_test.csv,Numeracy,0.03305071035626614,0.5684155835883293,0.7054801837410533,0.7636596511422401,1.0816149199521576,1.1904503199323915,1.2174242224738632,1.0807236102440256,1.0471640892118963,1.3771209650608705,2.704906832298137,3.0410094637223977,3.4965034965034962,1.5657395946155035,1.5947478260869563,1.4551181102362205,2.1419729695591765,2.139299026964225,2.41465038845727,2.564385577630611,1.196394169604885,1.2315702444298402,1.1305315876082134,1.4341194003681947,1.4622885857175254,1.491347132677299,1.5245313995313994,1.2842791790030395,1.2908039501436372,1.2378283177715128,1.276242158002785,1.3203058724424117,1.2873846234874322,1.1081855099173819,3.24,0.039162328030089066,0.026653219160505615,0.11285113022094723,0.08215033146425166,0.021790866659731623,0.049917356887699216,0.14663825882098902,0.26403048401689944,0.18848294895004686,0.1327000712493609,0.14180508035437,0.07104816556075799,0.15075956392814294,0.265233685091386,0.28717717309488383,0.18989830556936643,0.1312110165688169,0.13544413956719975,0.05748197226526558,0.13189475547398527,0.20167878292470182,0.21629654013994748,0.15910060828819583,0.11130871454364699,0.12531089811433144,0.05247390927932977,0.17753263332330232,0.2016646496479016,0.1405527573133578,0.0907047267722646,0.2898109840854646,True,Psychometric,Numeracy,False
Psychometric_Numeracy_Continuous_PTDDropout_BERT_F_F_test.csv,Numeracy,0.036100480929799714,0.5398145766001265,0.6939739246483932,0.741802772438547,0.9633575092732756,0.8760471426892523,0.6772552170012281,0.7190016685104255,0.8882975936009736,0.8584834178469429,0.6120787723310156,0.42602277036501374,0.5148795465281057,0.6390544661054639,0.6261655483212369,0.8057146711895767,0.6409136696718912,0.43141498606328904,0.3965584459232372,0.5415950232800757,0.6829576139252197,0.6462031880496073,0.8593254486438086,0.6127365706543118,0.46434174263302946,0.44675124951941564,0.5457897039993289,0.6426645963143248,0.6339400958483626,0.8054834882599116,0.5008683134323285,0.4772034849537656,0.6048517746547605,0.6919797803587916,0.39394982485269403,0.016363454401380317,0.024576076698770488,0.12425970811723497,0.08844512731643872,0.02432352720219566,0.028156109170904053,0.1296558392033807,0.23306959047896458,0.17915003233497862,0.11298940453051515,0.12448841602952665,0.047723375961734316,0.13581739436358115,0.23603562103467562,0.25789712838560747,0.17913318285141527,0.11253194237092534,0.12268826668839372,0.03713422172834879,0.14125322321349554,0.20961537531378932,0.21895663990951525,0.16664350073780287,0.11216657324162194,0.12158240759865635,0.05076340769961374,0.19021486106631652,0.2048241944785127,0.14988304817558362,0.09393588708283712,0.25437050011008405,False,Psychometric,Numeracy,False
Psychometric_Numeracy_Continuous_PTDDropout_BERT_T_F_test.csv,Numeracy,0.036100480929799714,0.5398145766001265,0.6939739246483932,0.741802772438547,1.1499056197295798,1.2174049827734763,1.2083080175954506,1.0823003999474587,1.0433697357379998,1.4873445105462415,2.978986815256632,3.6913107511045657,3.748125937031484,1.7024667405764966,1.6998642714570857,1.5605882352941176,2.3160004716424947,2.5726045883940616,2.92210953346856,2.7547993019197206,1.293727932555791,1.2931864545083636,1.1985394157663063,1.454740622194465,1.4976194674660555,1.549953314659197,1.5222725429228063,1.3113941281823895,1.316545677743277,1.2494897266962766,1.276849660934051,1.3549031226409736,1.2789167766443503,1.1053430733484244,4.082228116710875,0.016363454401380317,0.024576076698770488,0.12425970811723497,0.08844512731643872,0.02432352720219566,0.028156109170904053,0.1296558392033807,0.23306959047896458,0.17915003233497862,0.11298940453051515,0.12448841602952665,0.047723375961734316,0.13581739436358115,0.23603562103467562,0.25789712838560747,0.17913318285141527,0.11253194237092534,0.12268826668839372,0.03713422172834879,0.14125322321349554,0.20961537531378932,0.21895663990951525,0.16664350073780287,0.11216657324162194,0.12158240759865635,0.05076340769961374,0.19021486106631652,0.2048241944785127,0.14988304817558362,0.09393588708283712,0.25437050011008405,True,Psychometric,Numeracy,False
Psychometric_SubjectiveLit_Continuous_PTDCDA_BERT_F_F_test.csv,SubjectiveLit,0.00796457866993491,0.5921646738434447,0.6537247105601685,0.7837018884182869,1.3660274430891826,1.1162803436533641,1.0187576402775191,0.8576476719733837,0.9090173470628071,1.5107582648474693,1.51022212158555,1.0443718290480695,1.3756443663966464,1.2279914927301947,1.213261298517907,1.4027042253521125,1.4178784093222703,1.0846171475134323,1.0047651463580667,1.2834999999999999,1.1550484328074109,1.0903335031805257,1.2249762488629008,1.1215718514894109,0.8927160994388565,0.8497673417789612,1.0008431955693617,0.9383014442212985,0.9130736745784358,1.0178273933480098,0.8593721041228269,0.8123598513011153,0.933396764985728,0.8202387829770845,1.0247791010372647,0.10739190781207586,0.014022381520142069,0.004739727366401825,0.03134316663728426,0.014196610345231453,0.12677241256263228,0.12891575682918632,0.010998973980718418,0.11657413915403725,0.08508338926295583,0.06980069266596783,0.10400528772525458,0.11412311689841359,0.018391753361952923,0.004304519010401353,0.09908473879062113,0.06098640571216879,0.042533684115419135,0.07832245509730296,0.022065469544461147,0.021923396720276767,0.028131152314158858,0.01095799625211391,0.00636923346662982,0.01742023510871893,0.0013581856318951036,0.04041264133354777,0.04334448625942172,4.4712320927398075e-06,0.03976896960381515,0.010159977420604316,False,Psychometric,SubjectiveLit,False
Psychometric_SubjectiveLit_Continuous_PTDCDA_BERT_T_F_test.csv,SubjectiveLit,0.00796457866993491,0.5921646738434447,0.6537247105601685,0.7837018884182869,0.9033518648842692,1.0008555297802564,1.0511055848320061,0.9501185166890515,0.9555037516311441,0.9102524743066824,0.9183948001986384,0.6982543640897756,0.859895134739666,0.808609190169597,0.8121001212575294,0.8770110916520724,0.9020640885413848,0.773286262947589,0.7504424778761061,0.8622777777777777,0.8513625651409036,0.8456221321812863,0.8582852517675367,1.0467080568720377,0.9404144838922773,0.8752273373117363,0.9713697763765256,0.9386425397746974,0.9096259743481947,0.9601740696278512,0.9829606090287116,0.9329311475409836,1.0042981612358388,0.9247687604283645,0.6911590774689533,0.10739190781207586,0.014022381520142069,0.004739727366401825,0.03134316663728426,0.014196610345231453,0.12677241256263228,0.12891575682918632,0.010998973980718418,0.11657413915403725,0.08508338926295583,0.06980069266596783,0.10400528772525458,0.11412311689841359,0.018391753361952923,0.004304519010401353,0.09908473879062113,0.06098640571216879,0.042533684115419135,0.07832245509730296,0.022065469544461147,0.021923396720276767,0.028131152314158858,0.01095799625211391,0.00636923346662982,0.01742023510871893,0.0013581856318951036,0.04041264133354777,0.04334448625942172,4.4712320927398075e-06,0.03976896960381515,0.010159977420604316,True,Psychometric,SubjectiveLit,False
Psychometric_SubjectiveLit_Continuous_PTDDropout_BERT_F_F_test.csv,SubjectiveLit,0.008329051854605881,0.5991519118053941,0.7084148727984344,0.7791632694756698,1.2710114209604948,1.0947033789673384,0.9663086779266162,0.8548577182017696,0.9271490834290349,1.3789625001245676,1.310171888118068,0.9933636955107352,1.1796182545244673,1.1755386288653418,1.1638584126350031,1.265955105633803,1.2498559553364743,0.9732389728040363,0.9158364999486495,1.134769539078156,1.0915264333851173,1.0492892261183346,1.1616228772036332,1.0493358182433812,0.8770478140643887,0.8553762270526893,0.948241224214875,0.9240588703789739,0.9110993949436368,0.9967175398297848,0.8123683727360111,0.7937181995336888,0.903248022749489,0.8312905701590091,0.9456071004195261,0.10552122947080933,0.01507094975294443,0.011260288924820061,0.04177195353665941,0.014675685678266825,0.12063742423416413,0.11225483728258423,0.004639545714596349,0.08803852469901574,0.08745408358411455,0.0759510887594379,0.09994196634627461,0.0969885989982966,0.008184028979571822,0.03236469412939996,0.06653640477169886,0.06018986860408915,0.039408689376589257,0.07335717021315402,0.013823011722171374,0.03603781658705285,0.03610683676043153,0.004170665935371853,0.016376583878994655,0.021270154865846658,0.003947632999253714,0.06963109115538485,0.07023797326661962,0.01895057201962569,0.0499591735956299,0.021335577260867045,False,Psychometric,SubjectiveLit,False
Psychometric_SubjectiveLit_Continuous_PTDDropout_BERT_T_F_test.csv,SubjectiveLit,0.008329051854605881,0.5991519118053941,0.7084148727984344,0.7791632694756698,0.8405179143526975,0.9815096508129669,0.9969912449084696,0.9470277524676344,0.9745627301836407,0.8308437272333874,0.7967404477897556,0.6641509433962265,0.7373620847753425,0.7740699706204973,0.7790321501082083,0.791511602451839,0.7951670367119327,0.6938783237568747,0.684023141967067,0.7623580494321975,0.8045417991583051,0.8137897167029712,0.8138964200694762,0.9792937062937062,0.9239090321443263,0.881004271164166,0.9203168588188411,0.9243947884079893,0.907659149450665,0.9402599524658349,0.9291971505583365,0.9115226823791595,0.9718593018705066,0.9372289704853084,0.6377617678898055,0.10552122947080933,0.01507094975294443,0.011260288924820061,0.04177195353665941,0.014675685678266825,0.12063742423416413,0.11225483728258423,0.004639545714596349,0.08803852469901574,0.08745408358411455,0.0759510887594379,0.09994196634627461,0.0969885989982966,0.008184028979571822,0.03236469412939996,0.06653640477169886,0.06018986860408915,0.039408689376589257,0.07335717021315402,0.013823011722171374,0.03603781658705285,0.03610683676043153,0.004170665935371853,0.016376583878994655,0.021270154865846658,0.003947632999253714,0.06963109115538485,0.07023797326661962,0.01895057201962569,0.0499591735956299,0.021335577260867045,True,Psychometric,SubjectiveLit,False
Psychometric_TrustPhys_Continuous_PTDCDA_BERT_F_F_test.csv,TrustPhys,0.01446455495777546,0.7201317805662231,0.8092071611253198,0.8633164552505035,1.18606996262579,0.9867217618171875,1.0543417082960689,0.9790902136375341,0.9256124054924126,1.1575030968629214,1.30479375696767,1.1845463564213563,1.1875173074874852,1.127035381133742,1.066522339082057,1.0516284169990848,1.3682726531334752,1.2745854168432353,1.221784285349451,1.2872560225074734,1.1653828040728569,1.1152039672889396,1.1027605244996548,1.0358219087930283,0.9851610682257114,0.9271284271284271,0.93727064895308,0.9593052103843436,0.9062808656620936,0.9018729151411602,1.025299136518153,0.9710422247735682,0.9771894455644602,0.9246789399165838,1.107835876166494,0.07778196079985433,0.002478436363212877,0.018602301425962864,0.0058287894540118845,0.015697630835382004,0.06405046042593798,0.1378511051386616,0.09783279012034651,0.13341711118501698,0.0684316357191922,0.0581224169931398,0.05514913374322283,0.158264589958926,0.12296506525262174,0.1138692046861729,0.15241738991771236,0.07712150876237756,0.07068412577656025,0.06614541951993247,0.0216065841094516,0.009995343706257764,0.004843372130928558,0.007843195310700324,0.0020225725854834398,0.011520029598326875,0.012797461980493807,0.006064894843423874,0.005121354500464692,0.0032448130855610158,0.018914348262135894,0.0888350049597707,False,Psychometric,TrustPhys,False
Psychometric_TrustPhys_Continuous_PTDCDA_BERT_T_F_test.csv,TrustPhys,0.01446455495777546,0.7201317805662231,0.8092071611253198,0.8633164552505035,0.9722539509070381,1.0410704953777954,1.0654776008370397,1.0062322978544362,0.9922537055868847,1.009524951917799,1.100107153294152,1.1239846922836614,1.097936210131332,1.0278159071299713,1.0277798258333537,0.9957435176507343,1.0584629356340105,1.082569123036424,1.0870273839798803,1.0538023193814985,0.99225931301403,0.988505589245938,0.960968717575115,1.0982989329947246,1.0933783585376597,1.0997527577025483,1.0894980628332502,1.0459019129811717,1.0422461758321395,1.0302639621653533,1.0700148286166942,1.0702521268042289,1.055979497922639,0.9985812143918064,1.150079617834395,0.07778196079985433,0.002478436363212877,0.018602301425962864,0.0058287894540118845,0.015697630835382004,0.06405046042593798,0.1378511051386616,0.09783279012034651,0.13341711118501698,0.0684316357191922,0.0581224169931398,0.05514913374322283,0.158264589958926,0.12296506525262174,0.1138692046861729,0.15241738991771236,0.07712150876237756,0.07068412577656025,0.06614541951993247,0.0216065841094516,0.009995343706257764,0.004843372130928558,0.007843195310700324,0.0020225725854834398,0.011520029598326875,0.012797461980493807,0.006064894843423874,0.005121354500464692,0.0032448130855610158,0.018914348262135894,0.0888350049597707,True,Psychometric,TrustPhys,False
Psychometric_TrustPhys_Continuous_PTDDropout_BERT_F_F_test.csv,TrustPhys,0.014706827277836064,0.7178223066886684,0.8255984367366878,0.8625288956070852,1.1591589731435896,0.989766326719495,1.0605181935446784,0.9883051930959273,0.9219726357266118,1.1410731688674018,1.2906829765545362,1.1629269508850661,1.167787875211456,1.1117408498954633,1.0312757382897664,1.032745889069762,1.3376533478752597,1.2455456859383927,1.188733930658356,1.2395052824190942,1.145139566007074,1.0842527966832944,1.0709804844869983,1.0448175864695828,0.9991694271001281,0.9357309357309358,0.9512755300058903,0.9720661575857338,0.9030148250655083,0.9042638961556669,1.0382176937797205,0.98370839193624,0.9788372045763987,0.9278109987415838,1.0767735665694849,0.0731494977690319,0.0020980940558745775,0.022607017850799105,0.0035649539938507058,0.018067105378615222,0.06676060631555913,0.14253584176211753,0.08879957802585381,0.12638535469459988,0.06679380602008178,0.049506706568653636,0.05093166704236496,0.1584121688248853,0.11393185315812893,0.10434579651324871,0.14072460335513448,0.07163719256693835,0.061591133672502685,0.05631510597616429,0.022233369115147283,0.008768295439826712,0.004937144163419949,0.006629177732060176,1.453129688178123e-05,0.012987749371229707,0.01539276557825453,0.008946844853376823,0.0010372826443402205,0.0040815773504062625,0.017477215807775504,0.07689481612109184,False,Psychometric,TrustPhys,False
Psychometric_TrustPhys_Continuous_PTDDropout_BERT_T_F_test.csv,TrustPhys,0.014706827277836064,0.7178223066886684,0.8255984367366878,0.8625288956070852,0.9501942776404098,1.0442827552201421,1.071719321744514,1.0157027325763313,0.9883518833812093,0.9951954677767694,1.088209970012767,1.1034706104604093,1.0796950796950797,1.013867842355833,0.9938135938135937,0.9778644317696816,1.034776574837086,1.0579042276096973,1.0576223236674598,1.0147115404086429,0.9750233100233102,0.9610707826681223,0.9332749222161411,1.1078371973525782,1.1089254979100076,1.1099569886180765,1.1057775556289442,1.0598147938296332,1.0384901456091946,1.0329953243474435,1.083496794359056,1.084212376933896,1.0577601145083195,1.001963593907552,1.1178328474246841,0.0731494977690319,0.0020980940558745775,0.022607017850799105,0.0035649539938507058,0.018067105378615222,0.06676060631555913,0.14253584176211753,0.08879957802585381,0.12638535469459988,0.06679380602008178,0.049506706568653636,0.05093166704236496,0.1584121688248853,0.11393185315812893,0.10434579651324871,0.14072460335513448,0.07163719256693835,0.061591133672502685,0.05631510597616429,0.022233369115147283,0.008768295439826712,0.004937144163419949,0.006629177732060176,1.453129688178123e-05,0.012987749371229707,0.01539276557825453,0.008946844853376823,0.0010372826443402205,0.0040815773504062625,0.017477215807775504,0.07689481612109184,True,Psychometric,TrustPhys,False
FIPIShort2_Extraverted_Binary_PT_BERT_F_F_test.csv,SubjectiveLit,0.2418560475232337,0.25589058398650627,0.43250044939780696,0.6501705667804816,1.5740701209382684,0.9663358637694945,1.4192032680988504,1.0354299374481644,0.8876528747524973,1.488704016029522,2.1661973327665907,2.278351254480287,1.7798165137614679,1.5293130607492635,1.356420840940965,1.279838062414428,2.403241890385781,2.5368470149253732,2.0448082920565036,2.072943579883434,1.6433708872027966,1.445912051823382,1.4324853228962817,1.3200036434601983,1.2867924528301886,1.1730013684721672,1.1107312967400103,0.9845819106915713,0.9013524299008042,0.8198557860457867,1.4397527725814,1.2750865051903113,1.2373262615247347,0.9278196855188562,1.852920227920228,0.1034030540516287,0.002737504837414112,0.05891226237986896,0.004585241279451591,0.011232355928308707,0.08197285252083736,0.1744965858185985,0.2287184484942988,0.19625322209595608,0.10480227836896489,0.10650271356509139,0.09531023571687047,0.19853527456011172,0.23886128271031548,0.21965352403533595,0.21946388766307973,0.12245748609057727,0.12404129398399633,0.10942042437965954,0.05946044449986676,0.062430480516902975,0.0766864595673889,0.06270567168218111,0.006610448966944404,0.010466586222487029,0.007067327217921943,0.060171675376736566,0.06531293448603892,0.057273119629615066,0.0009621664318694434,0.20963242698892243,False,FIPIShort2,Extraverted,False
FIPIShort2_Extraverted_Binary_PT_BERT_T_F_test.csv,SubjectiveLit,0.2418560475232337,0.25589058398650627,0.43250044939780696,0.6501705667804816,1.2905705116925992,0.9346149351408204,1.2075746595404175,1.095958165744918,1.0439632330911541,1.1923194815431097,1.458686440677966,1.7205761316872428,1.4500393391030686,1.3385838098320564,1.4286977606618172,1.2741341193809876,1.6296635385671778,1.8322821100917435,1.5966454974759814,1.6165111320820662,1.4031070648737007,1.3894310467689308,1.3557355126781268,1.1057079081632653,1.1690980211688908,1.1792008293280558,1.1000792680469158,1.006926536386745,1.0973777478202256,0.9710875821825574,1.3113605863651916,1.2514071294559097,1.2319341262268264,1.1064914955381784,1.5838264299802762,0.1034030540516287,0.002737504837414112,0.05891226237986896,0.004585241279451591,0.011232355928308707,0.08197285252083736,0.1744965858185985,0.2287184484942988,0.19625322209595608,0.10480227836896489,0.10650271356509139,0.09531023571687047,0.19853527456011172,0.23886128271031548,0.21965352403533595,0.21946388766307973,0.12245748609057727,0.12404129398399633,0.10942042437965954,0.05946044449986676,0.062430480516902975,0.0766864595673889,0.06270567168218111,0.006610448966944404,0.010466586222487029,0.007067327217921943,0.060171675376736566,0.06531293448603892,0.057273119629615066,0.0009621664318694434,0.20963242698892243,True,FIPIShort2,Extraverted,False
FIPIShort2_Extraverted_Binary_PTD_BERT_F_F_test.csv,SubjectiveLit,0.2440601040745194,0.2669133564829744,0.41247182569496615,0.6670831363322021,1.510127701959385,0.9714604937350569,1.4323230311880253,1.0406987593138255,0.8804469291299816,1.4429536218025338,2.1724839751087823,2.1289142407553108,1.930623451416326,1.4433505167414309,1.2962779156327544,1.2399041264494397,2.384896383936976,2.4850746268656714,2.165572745741522,2.122302873620364,1.6125931609302813,1.4241738379669413,1.377766333642325,1.3375439802548348,1.2743362831858407,1.2259085976553465,1.1804165272157485,0.9978197451251344,0.9108180224136616,0.8214304130356315,1.4419613075383588,1.291700010143931,1.2380807149839408,0.9284444900582837,1.9329326923076924,0.0821614669019772,0.0020218168731171993,0.053500884794383724,0.0046504296506282294,0.010606422234526902,0.07007488590345182,0.16576120618625048,0.18663288178540102,0.2067867734693312,0.08750610964650643,0.08787357657448294,0.0838024387986098,0.17967875631936117,0.19809171664336925,0.2168901296416689,0.21463819772112655,0.10760443673087497,0.10858849384112432,0.09231434128922025,0.054102469632644284,0.04295499150991247,0.061468515604463675,0.06079708413759863,0.005822294523200877,0.006147572152740144,0.007113115689577454,0.04235605207096774,0.04921241075068736,0.051869580570486934,0.0014898901474743598,0.20518126888217522,False,FIPIShort2,Extraverted,False
FIPIShort2_Extraverted_Binary_PTD_BERT_T_F_test.csv,SubjectiveLit,0.2440601040745194,0.2669133564829744,0.41247182569496615,0.6670831363322021,1.2381445115527514,0.9395713440690803,1.2187380311319194,1.1015349876414897,1.035488363574556,1.1556774857281178,1.462919776119403,1.607723577235772,1.572903685241232,1.2633421391668727,1.365350118017309,1.2343781597573307,1.6172232581793522,1.7948885976408913,1.6909418782077956,1.655002217209401,1.3768290983416174,1.3685419828764538,1.3039482616929288,1.120400662385395,1.1577811353334773,1.2323876799210056,1.1690962099125366,1.0204647972776912,1.1089019089019088,0.9729526671675433,1.31337217179244,1.2677121083413287,1.2326852918586788,1.1072366197471604,1.6522189349112428,0.0821614669019772,0.0020218168731171993,0.053500884794383724,0.0046504296506282294,0.010606422234526902,0.07007488590345182,0.16576120618625048,0.18663288178540102,0.2067867734693312,0.08750610964650643,0.08787357657448294,0.0838024387986098,0.17967875631936117,0.19809171664336925,0.2168901296416689,0.21463819772112655,0.10760443673087497,0.10858849384112432,0.09231434128922025,0.054102469632644284,0.04295499150991247,0.061468515604463675,0.06079708413759863,0.005822294523200877,0.006147572152740144,0.007113115689577454,0.04235605207096774,0.04921241075068736,0.051869580570486934,0.0014898901474743598,0.20518126888217522,True,FIPIShort2,Extraverted,False
FIPIShort2_Extraverted_Binary_PTD_RoBERTa_F_F_test.csv,SubjectiveLit,0.23773946139448587,0.22642458171236024,0.4806326662362815,0.6291650406968138,1.4484609228995187,0.9720249308011687,1.3300124352550018,1.0020208043463859,0.8887250470886912,1.387490975495817,2.001746752132753,1.930592279217345,1.7478975535168193,1.3394071152767235,1.2087618264088853,1.2027946481574503,2.0703003866918235,2.081030410752112,1.87432954301652,1.8330528135377337,1.471413118386503,1.333855673081999,1.3111971411554497,1.2595169335783671,1.1871345029239768,1.1422633782586107,1.126523639866215,0.9626599378090431,0.875691193055603,0.8459475962818479,1.2969804558084965,1.2057883255604032,1.1698792302587924,0.9086346001554768,1.7577702702702704,0.10797194220932665,0.0029861126919654146,0.06232077215404952,0.0003850207264807226,0.01457125366241846,0.09324334168970022,0.2077189858792109,0.223190722151837,0.21608802904736824,0.1031475744222295,0.1024054353323946,0.09263092342778279,0.21249206758869876,0.22206730696968324,0.2254365367700486,0.22162010477839256,0.12397620220979477,0.12143745132181427,0.10631047469271199,0.05941900999302813,0.04524158158202307,0.05621006161125491,0.057588789828308284,0.00264245321647133,0.0021042041565487724,0.012944531173689489,0.045050456598457356,0.05110120323231476,0.052985443559461665,0.00747400265470155,0.22480362537764353,False,FIPIShort2,Extraverted,False
FIPIShort2_Extraverted_Binary_PTD_RoBERTa_T_F_test.csv,SubjectiveLit,0.23773946139448587,0.22642458171236024,0.4806326662362815,0.6291650406968138,1.1875842947319866,0.9401172529313233,1.131683776235296,1.0605960317085088,1.0452242085584345,1.11125684000043,1.3479477611940298,1.4579538554948388,1.4240345528455285,1.1723621051172302,1.273170731707317,1.197434069850321,1.4038924119833807,1.5030605983507193,1.4635307560464674,1.4294408721653304,1.256289835625629,1.281751875400634,1.2409457185867352,1.0550409014572837,1.07855512765654,1.1483003849416062,1.1157201609595493,0.9845070545887669,1.0661357282046935,1.0019923258559622,1.1813202123471263,1.1833958724202625,1.16478102189781,1.083611905756806,1.5024948024948028,0.10797194220932665,0.0029861126919654146,0.06232077215404952,0.0003850207264807226,0.01457125366241846,0.09324334168970022,0.2077189858792109,0.223190722151837,0.21608802904736824,0.1031475744222295,0.1024054353323946,0.09263092342778279,0.21249206758869876,0.22206730696968324,0.2254365367700486,0.22162010477839256,0.12397620220979477,0.12143745132181427,0.10631047469271199,0.05941900999302813,0.04524158158202307,0.05621006161125491,0.057588789828308284,0.00264245321647133,0.0021042041565487724,0.012944531173689489,0.045050456598457356,0.05110120323231476,0.052985443559461665,0.00747400265470155,0.22480362537764353,True,FIPIShort2,Extraverted,False
FIPIShort2_Extraverted_Binary_PT_RoBERTa_F_F_test.csv,SubjectiveLit,0.22291845251803744,0.29688598898216034,0.5030695204911234,0.6722652982073585,1.5361836612116053,0.9629734842453234,1.3894129573786267,1.1229958400931142,0.8810967588784595,1.458532872682493,2.103796586555207,2.1468759081662308,1.7584097859327217,1.5616042993630574,1.2927036199095023,1.2102777883771512,2.2298404246940025,2.5123127111059786,2.131653431873575,1.926248576944018,1.6932945798042642,1.479003194730697,1.3737513937188883,1.293782752151129,1.2553846153846153,1.1425338004599028,1.1385008027003665,1.0582175533717384,0.9050844557258059,0.825071505291995,1.518560937569871,1.3283383777968674,1.2062634737750657,0.9815015132170047,1.8233560090702947,0.11911272471658041,0.0037328685079734414,0.06765456964181371,0.018532956173497594,0.014663098433762456,0.10480105418782543,0.20933316917481937,0.25006529578013836,0.2227495218825355,0.1299399618988974,0.12282839605747015,0.09773354989101984,0.2103019629871411,0.25244051645097776,0.26484683926727604,0.22331647374316843,0.1420350967410169,0.14186041204688982,0.11401327886201451,0.06670876246294416,0.06748935982534676,0.08259249790248063,0.0703140598605917,0.02050131137744432,0.015345515736019333,0.012657702042488006,0.07748142266042418,0.08363489060098894,0.06353827441440735,0.01160124917549532,0.2618932527693857,False,FIPIShort2,Extraverted,False
FIPIShort2_Extraverted_Binary_PT_RoBERTa_T_F_test.csv,SubjectiveLit,0.22291845251803744,0.29688598898216034,0.5030695204911234,0.6722652982073585,1.259507633955923,0.9313629290436404,1.1822266173436378,1.188642916855238,1.0362526244522883,1.168155079750847,1.4166666666666665,1.6212879546212877,1.4325990034093892,1.3668478260869565,1.3615853658536585,1.204883859440143,1.512078185506177,1.81456178020691,1.6644566962104823,1.5021162650082058,1.445731822522251,1.421229565406707,1.3001484345334666,1.083743842364532,1.140562851782364,1.1485722363584958,1.127582461556051,1.0822333055172815,1.1019214112739293,0.9772654006213001,1.3831409110277044,1.3036700722174095,1.2010067067785382,1.1705109238172091,1.5585557299843016,0.11911272471658041,0.0037328685079734414,0.06765456964181371,0.018532956173497594,0.014663098433762456,0.10480105418782543,0.20933316917481937,0.25006529578013836,0.2227495218825355,0.1299399618988974,0.12282839605747015,0.09773354989101984,0.2103019629871411,0.25244051645097776,0.26484683926727604,0.22331647374316843,0.1420350967410169,0.14186041204688982,0.11401327886201451,0.06670876246294416,0.06748935982534676,0.08259249790248063,0.0703140598605917,0.02050131137744432,0.015345515736019333,0.012657702042488006,0.07748142266042418,0.08363489060098894,0.06353827441440735,0.01160124917549532,0.2618932527693857,True,FIPIShort2,Extraverted,False
FIPIShort2_Stable_Binary_PT_BERT_F_F_test.csv,SubjectiveLit,0.21999156218444474,0.35778222653770736,0.5973445143256464,0.7066938299939206,1.5083476773910296,0.8707352657878135,1.1687789112520297,0.9000456320018264,0.8763830534081212,1.3083637170476625,1.661331431446374,1.3893006309428595,1.5075532868869421,1.104418195645974,1.0202072309755774,1.1458361106628403,1.8892237761475492,1.6807268007787148,1.4684723641795738,1.666131621187801,1.3351137979464902,1.2092326906704944,1.3374769985688,1.0138603123234549,0.8781925343811395,0.8493961342590663,0.9240573981651659,0.7789234406255683,0.7247556798936157,0.7544399715841819,1.0504200363340574,0.9578021493109182,1.0264187197077563,0.8265296925163528,1.3014937106918238,0.14822357991086116,0.018388244081010585,0.04111310034438603,0.02179701795276745,0.020018160800852725,0.1257488590345182,0.2256371402324106,0.1889094630153006,0.24860167964744034,0.09225854869436373,0.08145069787152603,0.11991853840392491,0.23246595515341056,0.19882761419488654,0.19042028375846115,0.24975276372811933,0.11126895359716599,0.10263370688414969,0.13605926416421804,0.028172913962465185,0.00965940415021943,0.01778408333903475,0.03638231793301888,0.026392439383375932,0.0339653091960872,0.03233365264166238,0.017423095759710905,0.01963275802590453,0.039215286224349666,0.03127356454751995,0.18514602215508563,False,FIPIShort2,Stable,False
FIPIShort2_Stable_Binary_PT_BERT_T_F_test.csv,SubjectiveLit,0.21999156218444474,0.35778222653770736,0.5973445143256464,0.7066938299939206,1.0476705346042272,1.11395840804686,1.052125553196388,1.0374913025045551,1.074178433971359,1.1391106100463484,1.2405253618771284,1.2078637615827696,1.3127365393349144,1.1019123134328357,1.175410631367385,1.1819582117681169,1.1107158351409978,1.1326644370122627,1.2083280517175814,1.179651633810424,1.0574916676586121,1.1227680440947145,1.1170484212600365,1.1531598513011152,1.2125590573183787,1.307943493288321,1.2440441555418862,1.1337600396693355,1.2035960502399006,1.1793837782596086,1.1012401767383624,1.1624847121351676,1.1187354845499404,1.0904727002446604,1.3117084517963298,0.14822357991086116,0.018388244081010585,0.04111310034438603,0.02179701795276745,0.020018160800852725,0.1257488590345182,0.2256371402324106,0.1889094630153006,0.24860167964744034,0.09225854869436373,0.08145069787152603,0.11991853840392491,0.23246595515341056,0.19882761419488654,0.19042028375846115,0.24975276372811933,0.11126895359716599,0.10263370688414969,0.13605926416421804,0.028172913962465185,0.00965940415021943,0.01778408333903475,0.03638231793301888,0.026392439383375932,0.0339653091960872,0.03233365264166238,0.017423095759710905,0.01963275802590453,0.039215286224349666,0.03127356454751995,0.18514602215508563,True,FIPIShort2,Stable,False
FIPIShort2_Stable_Binary_PTD_BERT_F_F_test.csv,SubjectiveLit,0.2278299832432635,0.32435004360998854,0.5691527878349022,0.6845228618800694,1.5489727834572076,0.857885311674332,1.186915425540193,0.9119754041443834,0.8485599949043712,1.3203042362447763,1.728693275472467,1.4619829804076785,1.5409919953214666,1.115219784540379,1.0068415669745243,1.119865122416068,1.9574926424953452,1.7984675552717697,1.6293153049482163,1.7420863514515486,1.3923577124081992,1.2584262380088151,1.3458744966456737,1.0126055347091931,0.9030172413793104,0.833721736964759,0.890169470897861,0.7831748324706072,0.6958267484531112,0.7212573381262419,1.078530268987714,0.961185752639216,1.0094886363636364,0.8139664556632838,1.359875,0.14687565433280492,0.01885491226529734,0.041832125288542465,0.017621937994678594,0.023094855394769354,0.11961282166655957,0.23077025068899226,0.18686287886170938,0.2558773801934644,0.08106875517155121,0.08225041352818147,0.11670383492245162,0.22498899330489308,0.2091385970449866,0.2269608780450495,0.2537470156262376,0.11783977202116946,0.11970889824832948,0.14180890499642318,0.033056064118623996,0.014323439257282744,0.01462250053113151,0.028805134894576978,0.029147991987871102,0.04042379910114108,0.035871463260406466,0.021617231225650957,0.016107214166989015,0.028387805547926415,0.030037825424874376,0.20702416918429,False,FIPIShort2,Stable,False
FIPIShort2_Stable_Binary_PTD_BERT_T_F_test.csv,SubjectiveLit,0.2278299832432635,0.32435004360998854,0.5691527878349022,0.6845228618800694,1.0758879855465222,1.0975190665039656,1.0684519002452468,1.0512428662016486,1.0400758468713165,1.1495064746898487,1.290824823113727,1.271054099274958,1.3418540602689912,1.112689393939394,1.1600116584086273,1.1551684967815221,1.150852589641434,1.2120115178938708,1.3406771799628943,1.2334289707937909,1.1028323439818792,1.1684440693570664,1.1240619340003257,1.1517326732673265,1.246835622123293,1.2838072568193515,1.1984213642044332,1.1399481422934008,1.1555540016083354,1.1275107849211823,1.1307104043662601,1.166591392354987,1.1002826985379632,1.0738975342959691,1.3705479452054794,0.14687565433280492,0.01885491226529734,0.041832125288542465,0.017621937994678594,0.023094855394769354,0.11961282166655957,0.23077025068899226,0.18686287886170938,0.2558773801934644,0.08106875517155121,0.08225041352818147,0.11670383492245162,0.22498899330489308,0.2091385970449866,0.2269608780450495,0.2537470156262376,0.11783977202116946,0.11970889824832948,0.14180890499642318,0.033056064118623996,0.014323439257282744,0.01462250053113151,0.028805134894576978,0.029147991987871102,0.04042379910114108,0.035871463260406466,0.021617231225650957,0.016107214166989015,0.028387805547926415,0.030037825424874376,0.20702416918429,True,FIPIShort2,Stable,False
FIPIShort2_Stable_Binary_PTD_RoBERTa_F_F_test.csv,SubjectiveLit,0.21624239852505486,0.36591119425348667,0.5836341756919374,0.714609921658879,1.654976304791283,0.8634945540128808,1.1973505641685367,0.9053264599114854,0.8231371019493895,1.4245069824270018,1.8213630067533981,1.5592564242755607,1.573296896349795,1.2384085259116517,1.0308553386911596,1.1666186405404542,2.1376749820531225,1.950407055630936,1.6677292943115727,1.8572348335375606,1.4570109869551167,1.2316178854828963,1.3844293894596023,1.027552347954698,0.8621495327102804,0.7743068067374412,0.8659513257133971,0.7819943992298941,0.673780800382762,0.7054388778910121,1.0742423670287529,0.9356749894202285,0.9914024319629414,0.7892186543745199,1.3764550264550266,0.15751226406628577,0.016502210847298138,0.040310651929763464,0.01740376772900698,0.02513209263762539,0.14091845042960294,0.2336144863574804,0.1985654419647208,0.2594118462263366,0.10734908692054573,0.08615849407390191,0.12547711417246632,0.2409710182331597,0.21532037696712814,0.22637271023748518,0.26982314403068675,0.11934634641069042,0.10478928856676539,0.13959820504785947,0.02987331583750419,0.00023959688623281794,0.005155468493999116,0.025572823621191565,0.026662018746610894,0.03860326547477538,0.03601088504386063,0.0159835056200609,0.0160227474675671,0.030354298269706093,0.02896694652323678,0.2130815709969789,False,FIPIShort2,Stable,False
FIPIShort2_Stable_Binary_PTD_RoBERTa_T_F_test.csv,SubjectiveLit,0.21624239852505486,0.36591119425348667,0.5836341756919374,0.714609921658879,1.1495160804020101,1.1046951427596405,1.0778455296958895,1.043578563896079,1.0089151309775024,1.240229300633069,1.3600218236377275,1.3556240369799692,1.3699842924460945,1.2355986248162922,1.1876786281359162,1.203395903966482,1.256785714285714,1.3144055944055941,1.372286015143158,1.314956200273246,1.1540416860060339,1.1435526140043022,1.1562626239529263,1.168733106887331,1.1904077793001904,1.1923171166354807,1.1658168506378288,1.138229965681919,1.1189424692569627,1.10278246179257,1.1262150503671085,1.1356289725501154,1.0805698091923346,1.0412467996147794,1.3872580995868669,0.15751226406628577,0.016502210847298138,0.040310651929763464,0.01740376772900698,0.02513209263762539,0.14091845042960294,0.2336144863574804,0.1985654419647208,0.2594118462263366,0.10734908692054573,0.08615849407390191,0.12547711417246632,0.2409710182331597,0.21532037696712814,0.22637271023748518,0.26982314403068675,0.11934634641069042,0.10478928856676539,0.13959820504785947,0.02987331583750419,0.00023959688623281794,0.005155468493999116,0.025572823621191565,0.026662018746610894,0.03860326547477538,0.03601088504386063,0.0159835056200609,0.0160227474675671,0.030354298269706093,0.02896694652323678,0.2130815709969789,True,FIPIShort2,Stable,False
FIPIShort2_Stable_Binary_PT_RoBERTa_F_F_test.csv,SubjectiveLit,0.22877428417315848,0.3350300367133918,0.49450926561427594,0.6936761611512292,1.8545541455839252,0.8430633384784213,1.195857867740144,0.87721275606766,0.7697868058691554,1.5445329801250245,2.0803466246031586,1.67609756097561,1.724197247706422,1.1981139879229052,0.9952845915694214,1.2078062925247728,2.385234117607907,2.134262170301486,1.6683148734177216,1.8717779246530075,1.565132027086589,1.2953552246772453,1.4507268660889014,1.0043729693863543,0.8387096774193548,0.7367940557401161,0.8387382519421389,0.7412177985948478,0.60924828296306,0.6482352841577704,1.0448948472937256,0.8644654272476687,0.9349083792919408,0.7303732907788103,1.3840966921119593,0.1402692859920433,0.013569301580384552,0.028293196407776222,0.016136199096404874,0.023967602908768593,0.1150121060187268,0.19477710746384563,0.16217522658610273,0.20712935502646967,0.06790771066253581,0.051767986767098206,0.09782982268638124,0.19684859342027355,0.1751105499691873,0.1609094038012926,0.2041227921291739,0.10023669230714288,0.0872983792954623,0.11736113656653324,0.019679917017622395,0.0005984960416345331,0.0006376458811201691,0.018998179700168483,0.02353905912818302,0.03861763763589929,0.03334377511554221,0.009006447399978634,0.0043897594580750154,0.019837564248440354,0.03027760360257653,0.14550855991943606,False,FIPIShort2,Stable,False
FIPIShort2_Stable_Binary_PT_RoBERTa_T_F_test.csv,SubjectiveLit,0.22877428417315848,0.3350300367133918,0.49450926561427594,0.6936761611512292,1.288139175257732,1.0785568602925388,1.0765018161497624,1.0111716256453098,0.943523933290015,1.3447284438588785,1.5534063224632362,1.4572062084257207,1.5013842281879195,1.1953955135773318,1.1466965285554311,1.2458819829382395,1.4023311258278144,1.4383080334299845,1.3727678571428572,1.3252529745357502,1.23968015308912,1.2027324957716077,1.2116336633663367,1.1423689929968608,1.158043340156702,1.1345530692100758,1.12918031112558,1.0788776879838158,1.0117738257634865,1.0133585274198,1.0954476747440907,1.0492019088365971,1.0189946448119767,0.9636098276849141,1.3949597406671548,0.1402692859920433,0.013569301580384552,0.028293196407776222,0.016136199096404874,0.023967602908768593,0.1150121060187268,0.19477710746384563,0.16217522658610273,0.20712935502646967,0.06790771066253581,0.051767986767098206,0.09782982268638124,0.19684859342027355,0.1751105499691873,0.1609094038012926,0.2041227921291739,0.10023669230714288,0.0872983792954623,0.11736113656653324,0.019679917017622395,0.0005984960416345331,0.0006376458811201691,0.018998179700168483,0.02353905912818302,0.03861763763589929,0.03334377511554221,0.009006447399978634,0.0043897594580750154,0.019837564248440354,0.03027760360257653,0.14550855991943606,True,FIPIShort2,Stable,False
